case_no,repeat_violation
V91983,1
V898855,1
V898828,1
V898658,1
V898578,1
V898540,0
V898521,1
V898394,1
V898385,1
V898361,1
V898297,0
V898285,1
V897990,1
V897956,1
V897950,1
V897919,1
V844949,1
V885761,1
V887959,1
V869260,1
V885374,1
V897589,1
V897582,1
V897548,1
V897435,0
V897432,0
V897293,1
V897285,1
V897218,1
V897206,1
V897191,1
V896460,0
V896442,1
V896419,1
V895644,1
V896198,1
V896146,1
V896140,1
V896137,1
V858117,1
V858113,1
V895639,1
V895636,1
V895616,1
V895374,1
V895312,1
V895305,1
V895310,1
V895307,1
V895290,1
V895174,1
V895117,0
V895017,1
V894875,1
V894673,1
V894441,1
V894435,1
V893737,1
V893643,0
V893492,0
V893135,1
V865057,1
V892837,1
V892801,1
V892799,1
V892789,1
V892411,1
V892394,1
V892391,1
V892387,0
V892385,1
V892303,0
V892294,1
V892085,1
V891977,1
V891811,1
V891351,1
V891347,0
V861454,0
V850841,1
V863175,1
V891303,1
V891280,1
V891267,1
V891257,1
V891244,1
V891000,1
V890988,1
V890839,1
V830551,1
V830558,0
V877069,1
V830564,1
V858126,1
V868685,1
V860449,1
V867872,1
V867869,1
V863756,1
V836659,1
V890500,0
V890492,1
V890480,1
V890443,1
V890439,1
V890431,1
V890424,1
V890403,1
V890318,1
V890303,1
V889987,1
V889982,1
V889966,1
V889442,1
V889377,1
V889187,1
V889179,1
V889099,1
V889094,1
V889075,1
V889067,1
V889007,1
V888613,1
V888177,1
V887998,0
V887980,1
V887827,0
V887014,1
V886888,1
V886633,1
V886573,1
V886517,1
V886510,1
V886251,1
V886234,1
V873699,1
V870813,1
V886011,1
V885983,1
V872301,1
V884978,1
V884951,0
V884944,0
V884760,1
V863160,1
V883889,1
V883858,1
V883833,1
V883828,1
V883776,1
V869897,1
V869900,1
V883696,1
V883675,1
V860684,1
V883392,1
V883166,1
V883071,1
V882317,0
V882630,1
V877925,1
V882469,1
V882463,1
V882319,1
V882061,1
V881103,1
V881084,1
V880890,1
V880739,1
V880733,1
V880727,1
V880722,0
V880689,1
V880680,1
V874034,1
V879353,1
V878909,1
V845936,1
V845939,1
V877934,1
V877927,1
V852354,1
V861792,0
V868335,1
V852370,1
V859069,0
V852362,1
V853634,1
V853629,0
V877870,1
V877520,1
V877516,1
V877486,1
V877461,1
V877445,1
V859055,1
V858145,1
V876932,1
V876554,1
V876520,1
V876136,0
V876128,1
V876122,1
V876105,1
V852424,1
V868182,1
V876069,0
V876068,1
V876066,1
V876048,0
V870588,1
V851932,1
V867903,1
V875660,1
V875558,0
V875533,1
V875419,0
V875406,1
V875408,1
V875402,1
V875261,1
V875193,1
V875144,1
V875140,1
V875138,1
V875127,1
V874567,1
V874517,1
V874537,1
V874508,1
V874317,0
V874314,1
V874313,1
V873719,1
V843961,1
V865685,1
V865681,1
V843962,1
V844948,1
V834323,1
V854995,0
V873583,1
V873642,1
V873639,1
V873623,1
V873617,1
V873609,1
V873588,1
V873528,1
V873532,1
V873330,1
V873305,1
V861312,1
V872284,1
V864509,1
V863991,1
V829566,1
V865954,1
V860064,1
V871697,0
V871399,1
V871365,1
V848590,1
V830987,1
V822516,1
V866203,1
V870937,1
V870867,1
V870847,1
V825002,1
V870600,0
V419228,1
V870092,1
V870089,1
V869972,1
V859065,1
V869820,0
V869694,1
V869707,1
V869668,1
V869529,0
V869477,1
V829102,1
V804383,1
V847060,1
V844093,0
V791518,1
V854991,1
V869295,0
V869256,1
V868700,1
V868677,1
V868675,0
V859082,1
V848485,1
V809694,0
V812334,1
V868349,1
V868086,1
V868078,1
V867973,1
V867895,1
V867860,1
V867851,1
V867841,1
V867506,1
V866800,0
V866799,1
V866773,1
V866768,1
V866230,1
V865977,1
V865969,1
V831252,1
V838875,0
V835216,0
V864753,1
V861397,1
V864499,0
V844406,1
V851134,1
V863752,1
V849444,1
V849435,1
V849446,1
V843370,1
V777054,1
V845185,1
V863492,1
V848656,1
V851937,1
V851925,1
V863179,1
V860441,1
V839438,1
V844595,1
V863069,1
V863064,0
V861203,0
V861781,1
V855610,1
V861758,1
V861432,1
V861427,1
V860457,0
V861200,1
V831434,1
V835810,0
V773156,1
V860951,1
V860855,1
V860854,1
V860834,1
V860828,1
V860748,1
V860485,1
V860454,1
V860442,1
V860437,1
V860068,1
V860060,1
V837969,1
V848089,1
V848102,1
V859075,1
V859067,1
V859057,1
V751652,0
V751639,1
V752250,1
V837281,1
V832129,1
V736609,1
V819591,0
V837408,1
V858146,1
V858140,1
V858134,1
V857362,1
V857360,1
V857266,1
V857258,1
V855606,1
V855008,1
V778722,0
V821889,1
V833973,1
V855113,1
V855020,1
V855001,1
V854717,1
V854706,1
V853648,1
V853641,1
V853639,1
V853637,1
V853591,1
V853331,1
V811611,0
V853078,1
V853073,1
V852922,1
V852503,1
V823219,1
V837415,1
V809952,1
V837902,1
V836412,1
V836423,1
V837926,1
V834719,1
V844087,1
V844130,1
V847437,1
V852436,0
V852432,0
V852365,1
V852340,1
V797588,1
V851751,1
V851224,1
V851071,1
V850959,0
V851066,1
V850682,1
V850171,1
V850449,0
V850183,1
V850174,1
V777835,1
V849767,1
V849760,1
V849730,1
V849182,1
V849004,1
V848648,1
V848552,1
V847759,0
V848194,1
V847753,1
V847747,1
V847738,1
V847731,1
V847726,1
V847447,1
V847441,1
V847440,1
V847439,1
V847438,1
V847436,1
V847270,1
V847269,1
V847166,1
V847096,1
V847081,1
V749943,0
V758102,1
V770756,1
V831669,1
V822817,1
V764923,1
V817324,1
V817324,1
V830988,1
V837207,0
V834884,1
V833352,0
V812329,1
V822814,1
V805002,1
V834552,0
V832113,0
V834747,1
V834735,1
V846948,1
V846714,0
V846708,1
V846128,1
V846565,1
V846496,1
V846131,1
V846111,0
V845928,1
V845642,1
V845913,1
V794240,1
V845180,1
V845648,1
V845182,1
V778213,1
V802710,1
V844951,1
V844946,1
V844866,1
V832521,1
V822801,1
V844493,1
V844364,1
V844348,1
V844292,1
V844295,1
V844281,1
V844267,1
V844259,1
V843720,1
V822372,1
V832843,1
V843452,1
V843451,1
V843399,1
V843393,1
V842906,0
V842600,0
V842596,1
V842588,1
V699745,0
V840290,1
V832163,1
V839928,1
V839916,1
V839891,1
V795135,1
V834753,1
V839587,1
V839437,1
V839397,1
V839301,1
V839264,1
V834242,0
V838874,1
V809939,1
V809926,1
V809741,1
V838034,1
V838028,1
V837966,1
V837668,1
V837657,1
V833989,1
V837650,1
V831659,1
V837310,1
V837304,1
V837302,0
V837291,1
V837218,1
V837213,0
V837173,1
V836990,1
V836980,1
V836655,1
V836650,1
V836421,1
V835126,1
V834742,1
V834725,1
V834722,1
V807444,1
V798638,1
V798610,1
V798623,0
V798627,1
V798650,1
V798667,1
V834581,0
V834356,1
V834328,1
V834270,1
V834094,1
V834010,1
V833720,1
V745098,1
V756474,1
V756449,1
V756437,1
V833557,1
V833442,1
V833455,1
V821143,1
V823379,1
V829267,1
V832941,1
V832152,1
V832744,1
V831947,1
V832523,1
V832126,0
V832432,1
V792743,1
V745507,1
V755516,1
V815295,0
V814146,1
V816908,1
V824231,1
V610290,1
V795089,1
V759853,1
V832120,0
V832171,1
V832160,1
V832155,1
V832144,0
V832139,1
V832134,1
V832009,1
V831996,1
V831983,1
V831962,1
V831965,1
V831963,0
V831959,1
V831953,1
V831954,1
V831931,1
V831696,1
V831690,1
V831687,1
V831680,1
V820042,1
V816475,0
V817082,1
V815674,1
V816476,1
V831452,1
V831284,1
V798729,1
V794596,1
V831240,1
V831122,0
V813133,1
V811609,1
V830995,1
V830983,1
V830850,1
V830849,1
V830848,1
V829252,1
V830745,1
V830733,1
V830092,1
V830088,0
V830084,1
V830081,1
V830058,1
V830047,1
V830042,1
V830024,1
V829555,1
V751957,1
V829246,1
V829247,1
V829218,1
V829113,1
V829041,1
V817736,1
V817583,1
V817599,1
V817578,1
V827875,1
V827876,0
V827832,0
V827799,1
V810626,0
V813279,1
V759704,1
V827241,1
V826492,1
V826207,1
V825956,1
V825922,1
V825344,1
V825314,1
V790092,1
V825069,1
V824908,1
V817070,1
V822810,1
V822411,1
V824070,0
V824010,0
V823731,1
V823727,1
V823721,1
V823715,1
V812528,1
V823486,1
V816927,1
V803117,1
V726453,1
V726462,0
V822815,1
V714300,1
V779249,1
V755211,1
V822519,0
V822515,1
V817746,1
V822392,1
V822221,0
V822198,1
V769383,1
V766175,1
V811021,1
V822131,1
V821906,1
V811630,1
V811628,1
V811625,1
V821917,1
V756499,1
V793503,1
V799390,1
V799413,1
V803014,1
V783049,1
V795122,1
V821911,1
V773153,1
V773244,1
V821903,1
V781295,1
V795844,1
V764469,1
V798094,1
V807553,1
V799049,1
V773119,1
V788760,0
V821895,1
V803506,1
V762890,1
V803039,1
V805717,1
V787770,1
V813135,1
V809642,0
V808663,1
V809234,1
V821881,1
V821761,1
V821726,1
V821505,0
V821504,1
V821451,1
V821299,1
V821282,1
V821273,1
V820833,1
V820823,1
V820811,1
V820794,1
V820770,1
V820765,1
V820755,1
V820747,0
V820553,1
V820219,0
V819834,1
V819607,1
V818461,1
V818415,1
V818410,1
V818406,0
V818402,1
V818397,1
V817727,1
V817686,1
V817572,1
V817567,1
V817545,1
V817064,1
V817062,1
V816959,1
V816953,1
V816942,0
V816939,1
V816919,1
V816907,1
V816457,1
V815694,1
V815679,1
V815642,1
V795851,1
V800906,1
V815283,1
V755522,1
V815076,0
V814118,0
V814112,1
V814101,0
V814097,1
V773712,1
V773698,1
V813671,1
V764487,1
V794612,0
V813454,1
V813421,0
V813417,1
V813413,1
V813143,1
V813203,1
V813151,1
V813145,1
V813140,1
V812306,1
V800219,1
V800233,1
V800225,0
V800211,1
V800206,1
V800203,1
V800198,1
V812787,1
V812784,1
V812263,1
V812363,1
V812353,1
V812312,1
V812302,1
V812296,0
V744446,0
V776463,1
V803025,1
V810786,1
V778255,1
V810766,1
V795871,1
V749446,1
V810619,1
V755209,1
V768275,1
V810600,1
V810590,1
V810581,1
V810570,1
V810560,1
V810033,1
V810027,1
V809954,1
V809956,1
V809946,1
V809944,1
V755660,1
V809406,1
V795813,1
V625899,1
V779251,0
V616080,1
V758299,1
V799405,0
V749732,1
V809622,1
V803511,1
V751038,0
V809072,0
V808632,1
V808632,1
V808503,1
V808500,1
V808497,1
V808315,1
V808310,1
V808302,0
V808292,0
V808280,1
V808135,1
V808135,1
V807581,1
V753528,1
V753529,1
V737906,1
V807507,1
V762114,1
V760019,1
V807184,1
V806319,1
V805052,1
V805020,1
V805017,1
V805010,1
V805006,1
V804382,0
V799466,1
V799428,1
V792329,1
V803801,1
V660178,1
V803878,1
V803805,1
V778791,1
V803483,1
V760026,1
V803061,1
V802994,1
V802734,0
V802733,1
V802728,0
V802714,1
V802720,1
V802449,1
V802374,1
V802372,1
V802297,1
V802280,1
V802282,1
V801876,1
V800971,1
V801486,1
V801481,0
V801477,1
V801138,1
V800917,1
V790947,1
V790377,1
V788721,1
V788724,1
V788728,1
V770759,1
V770735,1
V760035,1
V794601,1
V800911,1
V800910,1
V800901,1
V800892,1
V800885,1
V800563,1
V800523,0
V800452,1
V800433,1
V800240,0
V800222,0
V800208,1
V800196,0
V800194,1
V800192,1
V800031,1
V800021,1
V792005,1
V799465,1
V773974,1
V781312,1
V785057,1
V781303,1
V779234,1
V799399,1
V799391,1
V550795,1
V799324,0
V798970,1
V798958,1
V798795,1
V798626,1
V798350,1
V777827,1
V777796,1
V699527,1
V777816,1
V780261,1
V797364,1
V797364,1
V797648,1
V797646,0
V797642,1
V797628,1
V797620,1
V797613,1
V797609,1
V797581,1
V792621,1
V797185,1
V797161,1
V796911,1
V785885,1
V796845,1
V796644,1
V796644,0
V796634,1
V796111,1
V777867,1
V777032,1
V790409,1
V751213,1
V795837,1
V795838,1
V795833,1
V795820,1
V795815,1
V795363,1
V795365,1
V795170,1
V795132,1
V795112,1
V795090,1
V794966,1
V794852,1
V785923,1
V787028,1
V785355,0
V782245,1
V782729,1
V779242,0
V744196,1
V777820,1
V794600,1
V794280,1
V794272,1
V794237,1
V793775,1
V793772,1
V793623,1
V770012,1
V759827,1
V773720,1
V759843,1
V778781,1
V793149,1
V793081,1
V792859,1
V792617,1
V792566,0
V792008,1
V792499,1
V792006,1
V792004,1
V792003,1
V792002,1
V791979,1
V791976,0
V791547,1
V791539,1
V296634,0
V791141,1
V790992,1
V790986,1
V790981,1
V790978,0
V790970,1
V790946,1
V790464,1
V790460,1
V790428,1
V790412,1
V790083,1
V790080,1
V790064,1
V790048,1
V789609,1
V788973,1
V788954,1
V788948,1
V788754,0
V788751,0
V788749,0
V788733,1
V749689,1
V788482,1
V788446,1
V788194,1
V787838,1
V787836,1
V787786,1
V787779,0
V787756,1
V787002,1
V786997,1
V782288,1
V762137,1
V613186,1
V681154,1
V756902,1
V745688,1
V754055,1
V677768,0
V773239,1
V636427,1
V751192,1
V585642,1
V745434,1
V761139,1
V556135,1
V773256,1
V754058,1
V786243,1
V786241,1
V786240,1
V785919,1
V785908,1
V785894,1
V785497,1
V785484,1
V785478,0
V785465,1
V785453,1
V785444,1
V785434,0
V785420,0
V785385,1
V785367,0
V785325,1
V784886,1
V784850,1
V783166,1
V782116,1
V783136,1
V783114,1
V783093,1
V783081,1
V782999,1
V782791,0
V782268,1
V782258,1
V781730,1
V781714,1
V781695,1
V781678,1
V781665,1
V781648,1
V781631,1
V781440,1
V781417,1
V781413,1
V781388,1
V781358,1
V781344,0
V781321,1
V781308,1
V781292,0
V781278,1
V780270,1
V780258,1
V780253,1
V780250,1
V779689,0
V779669,1
V779264,1
V779232,1
V779142,1
V778806,1
V778803,1
V778799,1
V778786,1
V778763,1
V778758,0
V778752,1
V778743,1
V778727,1
V778272,1
V778268,1
V778265,1
V777868,1
V777836,1
V777668,1
V777488,1
V777484,1
V777472,1
V777419,1
V777414,1
V777399,1
V777385,1
V776781,1
V776778,1
V776775,1
V776772,1
V776462,1
V776461,1
V776460,1
V776457,0
V776016,1
V775932,1
V775926,0
V774577,1
V774569,0
V774560,1
V774326,1
V757195,1
V774319,1
V774313,1
V774310,1
V765141,1
V764993,1
V773564,1
V773246,1
V773212,1
V773197,1
V773186,1
V773180,1
V773174,1
V773168,1
V773155,1
V773149,1
V773134,1
V773110,1
V773105,1
V772956,1
V772947,1
V772939,1
V771016,0
V757176,1
V754525,0
V756490,1
V770821,1
V770750,0
V770741,0
V770048,1
V770045,1
V770042,1
V770039,1
V770038,1
V769962,1
V769707,1
V769703,1
V769700,1
V769668,1
V769410,1
V769407,1
V769402,0
V769398,1
V769391,1
V769025,1
V769024,1
V769015,1
V769008,1
V769001,0
V768911,1
V768906,1
V768857,1
V760481,1
V724076,1
V718391,1
V610813,1
V748385,1
V757185,1
V768528,1
V768522,0
V768264,1
V768256,1
V767936,1
V767923,1
V767921,1
V767913,0
V767904,1
V766445,1
V766421,1
V766251,1
V766227,1
V765948,1
V765895,1
V757170,1
V765857,1
V758279,1
V765457,1
V765420,1
V765178,1
V765167,1
V765163,1
V765136,1
V764986,0
V764900,1
V764894,1
V764892,1
V764888,1
V764475,1
V764473,1
V764462,1
V764373,0
V750741,1
V762907,1
V762892,1
V644305,1
V755689,1
V762542,1
V762390,1
V762365,0
V726463,1
V749816,1
V762167,1
V738744,1
V701929,1
V761190,0
V761184,0
V761173,1
V761168,1
V761163,1
V761151,1
V761143,1
V761040,1
V761038,1
V761037,1
V761036,1
V761034,1
V761031,1
V760933,1
V760704,1
V760680,1
V760668,1
V760051,1
V760050,1
V760044,1
V760017,0
V760015,1
V760012,1
V759908,1
V759386,1
V759330,1
V759183,1
V745166,1
V758815,1
V758811,1
V758802,1
V758796,1
V758779,0
V758763,1
V758368,1
V758476,1
V722055,1
V699452,1
V665960,1
V740641,1
V757320,1
V758366,1
V758264,1
V758240,1
V757991,1
V757985,1
V757970,1
V757698,1
V757687,1
V757667,1
V757659,1
V757652,0
V757400,1
V757375,1
V757370,0
V757359,0
V757351,1
V757334,1
V757311,1
V757307,1
V757299,1
V757200,0
V757188,1
V757180,1
V757179,1
V757174,1
V757144,1
V741771,0
V756711,1
V756710,1
V756701,1
V756698,1
V756691,1
V756689,0
V756682,0
V756493,1
V756491,1
V756487,1
V756480,1
V756462,1
V756432,1
V756421,0
V743284,1
V742932,1
V745821,1
V736689,1
V699659,1
V692296,1
V673680,1
V673674,1
V756191,0
V756187,1
V756185,1
V756131,1
V756120,0
V755735,1
V755733,1
V755723,1
V755697,1
V755673,1
V755665,0
V755653,1
V755521,1
V755518,1
V755511,1
V755219,1
V755213,0
V755206,0
V755200,1
V755194,1
V754937,1
V754931,1
V754928,1
V754921,1
V754502,1
V754497,1
V725407,1
V754247,1
V754098,1
V754079,1
V754062,1
V754047,1
V754042,1
V753674,1
V753669,1
V753666,1
V753660,1
V753654,1
V753651,0
V753544,1
V753541,0
V753523,1
V753521,1
V753516,1
V705096,1
V705083,1
V484867,1
V692512,1
V668161,1
V672119,1
V658985,1
V692800,1
V753067,1
V753062,1
V753060,1
V753042,1
V753023,1
V753021,1
V753014,1
V753012,1
V752999,1
V752993,1
V752994,1
V752989,1
V752983,1
V752968,1
V752959,1
V752951,1
V752550,1
V752212,1
V752206,1
V752200,1
V752178,1
V752057,1
V752051,0
V736264,1
V684615,1
V736290,1
V673441,1
V742214,1
V743000,1
V743131,0
V710690,0
V722063,1
V741117,1
V739136,1
V751935,0
V751946,1
V751921,1
V751916,1
V751715,1
V751679,1
V751379,1
V751361,1
V751360,1
V751358,1
V751356,1
V751225,1
V751222,1
V751206,1
V751204,1
V751195,1
V751058,1
V751057,1
V751051,1
V751029,1
V751026,1
V751016,1
V751013,1
V750999,1
V704323,0
V726166,1
V741124,0
V750602,1
V750599,0
V750595,1
V750592,1
V750579,1
V750572,1
V750499,1
V750465,1
V750459,1
V750451,1
V750144,1
V750181,1
V750171,0
V750157,1
V750140,1
V749744,1
V749548,1
V749541,1
V749453,1
V749441,1
V749433,1
V749233,1
V749231,0
V749226,1
V749221,1
V749211,0
V749206,1
V749202,1
V749193,1
V749187,1
V749178,1
V749140,1
V748894,1
V720749,1
V748588,1
V748394,1
V748379,1
V748368,1
V748366,1
V748362,1
V747926,1
V723737,0
V747810,1
V747803,1
V747551,1
V747547,1
V747513,0
V747502,1
V747471,1
V747403,1
V747317,1
V747313,1
V747302,1
V746125,0
V746122,1
V723752,1
V701854,1
V723750,1
V740633,1
V740634,1
V738821,0
V738788,1
V745791,1
V745769,1
V745742,1
V745727,1
V745681,1
V745486,1
V745481,1
V745452,1
V745447,1
V745440,1
V745145,1
V744999,1
V744980,1
V743758,0
V744421,1
V744275,1
V744185,1
V744156,1
V743950,1
V743752,1
V743693,1
V743657,1
V743618,1
V743612,1
V743397,1
V720753,0
V690475,1
V743152,1
V742992,1
V742979,1
V742959,1
V742956,1
V742938,1
V742933,1
V742564,1
V742552,1
V742548,1
V742445,1
V742211,1
V742207,1
V699507,1
V704271,1
V707988,1
V687156,1
V722987,1
V738554,1
V711179,1
V742045,1
V741818,1
V741813,1
V741807,1
V741793,1
V741427,1
V741426,1
V741307,1
V741298,1
V741294,1
V741114,1
V741111,1
V741109,1
V741107,1
V741103,1
V741060,1
V721438,1
V740589,1
V740581,1
V740577,1
V740568,1
V676769,0
V710430,1
V740254,1
V740251,1
V739244,1
V739146,1
V739145,1
V739139,1
V739138,1
V739137,1
V739135,1
V739130,1
V739125,1
V739120,1
V739118,1
V738777,1
V738752,1
V738749,1
V738748,1
V738740,1
V738735,1
V738723,1
V609876,1
V703432,1
V715543,1
V702318,1
V709432,1
V709441,1
V708088,1
V716088,1
V716053,1
V588370,1
V592036,1
V599270,1
V738385,1
V738256,0
V738250,1
V679074,0
V709059,1
V691831,0
V721070,1
V718392,1
V658965,1
V598497,1
V705125,1
V705110,1
V674243,1
V708104,1
V737736,1
V737658,1
V737653,1
V737651,1
V737468,0
V737465,1
V737243,1
V737239,1
V736603,1
V737190,1
V737184,0
V736700,1
V736699,1
V736697,1
V736605,1
V736329,0
V736322,1
V736311,1
V736268,1
V736267,0
V736258,1
V736054,0
V735863,1
V735839,1
V709083,1
V727128,1
V726653,1
V726631,1
V726456,1
V726438,1
V726405,1
V726186,1
V726136,0
V726017,1
V725724,1
V725354,0
V724069,0
V724067,1
V723795,1
V723793,1
V723790,1
V723743,1
V667693,1
V723394,1
V600357,0
V723260,1
V723255,1
V723249,1
V723227,1
V723093,1
V723024,1
V723003,1
V722998,1
V722994,1
V722982,1
V709051,1
V707982,1
V722711,0
V722705,0
V722461,1
V722459,1
V722287,1
V722143,1
V722141,1
V722138,1
V722080,1
V722075,1
V722059,1
V721976,1
V721969,1
V721847,1
V721837,1
V721833,1
V721831,1
V721824,1
V721679,1
V721672,1
V721612,1
V721624,1
V721566,1
V721561,1
V721557,1
V721432,1
V721429,1
V721423,1
V721150,1
V720826,1
V720792,1
V720785,1
V720668,1
V720588,1
V720302,1
V720295,1
V720117,1
V720015,1
V719992,1
V719984,1
V719978,1
V719683,1
V719319,1
V719320,1
V719227,1
V718938,1
V718933,1
V718905,1
V718403,1
V717550,1
V715581,1
V713268,1
V703154,1
V717407,1
V717251,1
V717132,0
V717119,1
V716886,0
V716173,1
V716029,1
V715907,1
V715870,1
V715866,1
V715864,1
V715859,1
V714964,1
V715632,1
V656789,1
V682201,1
V692804,1
V690278,1
V715563,1
V690270,0
V693789,1
V714974,1
V714971,1
V713916,0
V713763,1
V713432,1
V713428,1
V713125,1
V663989,1
V711720,1
V711670,1
V710954,0
V711168,1
V711133,1
V711129,1
V710983,1
V710976,1
V710949,1
V710930,1
V710679,1
V710451,1
V710436,1
V710420,0
V710396,1
V710319,1
V710316,1
V710313,1
V710231,1
V710226,1
V709950,1
V709935,0
V676761,1
V604047,1
V681201,1
V667776,1
V695196,1
V672124,1
V673637,1
V694440,1
V694437,0
V709448,1
V709436,0
V709421,1
V709311,1
V709298,1
V709057,1
V709034,1
V708991,0
V708637,1
V708563,1
V708400,0
V708161,1
V708105,1
V708085,0
V708059,1
V708037,0
V707974,0
V707970,1
V707965,0
V707943,1
V707926,1
V707595,1
V707588,1
V705196,1
V705150,1
V705141,1
V705074,1
V705058,1
V704984,1
V704831,1
V704646,1
V704332,1
V704284,1
V704277,1
V704272,0
V703901,1
V703653,1
V703611,1
V703494,1
V703490,0
V703479,1
V703454,1
V703395,1
V703221,1
V703197,0
V703144,1
V702880,1
V644313,1
V692242,1
V692308,1
V682165,1
V687067,1
V690468,1
V667444,1
V685873,0
V674752,1
V657770,1
V702874,1
V702611,1
V696581,1
V701925,1
V702401,1
V702062,1
V702158,1
V699481,1
V702066,1
V702039,1
V702019,1
V701692,1
V701857,1
V701856,1
V701474,1
V701018,1
V668841,0
V666061,1
V677661,1
V686282,1
V691257,1
V691250,1
V612440,1
V612598,1
V612957,1
V612441,1
V695234,0
V700667,1
V700258,1
V700254,1
V700251,1
V700239,1
V700223,1
V699793,1
V699616,1
V699530,1
V699520,1
V699506,1
V699462,1
V699449,1
V699446,0
V699441,0
V699433,0
V699419,1
V699404,1
V699371,1
V699357,1
V695218,1
V695206,1
V695187,1
V695010,1
V694997,1
V694860,1
V694356,1
V694331,1
V694219,1
V693791,1
V693781,1
V693775,1
V693683,1
V693523,1
V693299,1
V693173,1
V693153,1
V692834,0
V692797,0
V692795,1
V692547,0
V692354,1
V692340,1
V692246,1
V692233,1
V691945,1
V691860,1
V691853,1
V691847,1
V691837,1
V691827,1
V648053,1
V672566,1
V671746,1
V668013,1
V669145,0
V691816,1
V665094,1
V676772,0
V676777,1
V668839,1
V682699,1
V675474,0
V691315,1
V691274,1
V691267,1
V691269,1
V691264,1
V691248,1
V691246,1
V691244,1
V691240,1
V691218,1
V691084,1
V691062,1
V691051,1
V690984,1
V690968,1
V690964,1
V690871,1
V690614,1
V690601,1
V690558,1
V690567,1
V690534,1
V690525,1
V690506,1
V690503,1
V690497,1
V690492,1
V690481,1
V690456,0
V690444,1
V689651,1
V690437,1
V690381,1
V690367,1
V690359,1
V690329,1
V690286,1
V690248,1
V689663,1
V689585,1
V689572,1
V689550,1
V689533,1
V687305,1
V687293,1
V687288,1
V687262,1
V687168,1
V687160,1
V687124,1
V687114,0
V687104,1
V687090,1
V686826,1
V686806,1
V686401,1
V686358,1
V686356,1
V686354,1
V686340,1
V686328,1
V686316,1
V686306,0
V686110,1
V686063,0
V685899,1
V685883,1
V685881,1
V685864,1
V685858,1
V685587,1
V685551,0
V685032,0
V684706,1
V684695,1
V684698,1
V684468,1
V668765,1
V643811,1
V684528,1
V684144,1
V684138,1
V684130,1
V683992,0
V684003,1
V683109,0
V683107,1
V683093,1
V683096,1
V683089,1
V683057,1
V682682,1
V682669,1
V682324,1
V682274,1
V682269,1
V682233,1
V682211,0
V672142,1
V676249,1
V682175,1
V682171,1
V648325,1
V659308,1
V659312,1
V664236,1
V682143,1
V673303,0
V682130,1
V682124,1
V681840,1
V681816,1
V681809,1
V681805,1
V681797,0
V681794,1
V681674,0
V681661,0
V681652,1
V681548,1
V681269,0
V681266,1
V681264,1
V681261,1
V681211,1
V681163,1
V681182,0
V681176,1
V680379,1
V679782,1
V679303,1
V661152,1
V625869,1
V625738,1
V631511,1
V631191,1
V614613,1
V622803,0
V614574,1
V634658,1
V631202,1
V667972,1
V667970,1
V667942,1
V644243,1
V668183,1
V678868,1
V678831,1
V678819,1
V678493,1
V678487,1
V678473,1
V677937,1
V677908,0
V677890,1
V677758,1
V677755,1
V677632,1
V677596,1
V677361,1
V677302,1
V677187,0
V676951,1
V676878,1
V676781,1
V675815,1
V675802,1
V675643,1
V675515,1
V675481,1
V675466,1
V675461,1
V675433,1
V675271,1
V675255,1
V675246,1
V674801,1
V674748,0
V674618,1
V674594,1
V674582,1
V674386,1
V674302,1
V674117,1
V674239,0
V674064,1
V674053,1
V673888,1
V673831,1
V673843,1
V673836,1
V673824,1
V673677,1
V673670,1
V673643,1
V673631,1
V673442,1
V673106,1
V673015,1
V671666,1
V661931,1
V672756,1
V672614,1
V672596,0
V672579,1
V672573,1
V672560,1
V672125,1
V672121,1
V672089,1
V672086,0
V672080,1
V672076,1
V672078,1
V672066,1
V671662,1
V671587,1
V671577,1
V671571,1
V671567,1
V671558,1
V671488,1
V670182,0
V670166,1
V670094,1
V669993,1
V669743,1
V669657,1
V669622,1
V669407,1
V669388,1
V669371,1
V669144,1
V668842,1
V602934,1
V603273,0
V668790,1
V668772,1
V600340,1
V602676,1
V602645,1
V603860,1
V656969,1
V668356,1
V668143,0
V668120,0
V668096,1
V667710,1
V667518,1
V667507,1
V667506,1
V667472,1
V667463,1
V667429,1
V667415,1
V667407,1
V667384,1
V660116,1
V651128,1
V604184,1
V604102,1
V604132,1
V603963,1
V604310,1
V613637,1
V602652,0
V642413,1
V614709,1
V630035,1
V666745,1
V666716,1
V666538,1
V666478,1
V666474,1
V666370,1
V666095,1
V666032,1
V666017,1
V665957,0
V665394,0
V665386,1
V665100,1
V665076,0
V665050,1
V664612,1
V664564,1
V664211,1
V664206,1
V663870,1
V663751,1
V663073,1
V663063,1
V662945,0
V662933,1
V662925,1
V650006,1
V619158,1
V617667,1
V632360,1
V662672,1
V636106,1
V636090,0
V644194,1
V617196,1
V662625,0
V654614,1
V646514,1
V646534,1
V662612,1
V662581,1
V662322,1
V643984,1
V625850,1
V648689,1
V651147,1
V631876,1
V634252,1
V631503,1
V642549,1
V438649,1
V662130,1
V662086,1
V474841,1
V624622,1
V607092,1
V654606,1
V608797,1
V661875,1
V661465,1
V661462,1
V661429,1
V661419,1
V661411,1
V661359,1
V661348,1
V661342,0
V661311,1
V661170,1
V661151,1
V660659,1
V660650,1
V660638,1
V660517,1
V660387,1
V660187,1
V660122,1
V659444,1
V659145,1
V658956,1
V658900,1
V658446,1
V658441,1
V658269,1
V658247,1
V658243,1
V658241,1
V658231,1
V657994,1
V657975,1
V657792,1
V657449,1
V657441,1
V657433,1
V657342,1
V657074,1
V647341,1
V657005,1
V656805,1
V656793,1
V656732,1
V656726,1
V656718,1
V656700,1
V656695,1
V656098,1
V655542,1
V655536,1
V655526,0
V655087,0
V655518,1
V655076,1
V654949,0
V612825,1
V654718,1
V654706,1
V654666,1
V654657,1
V654660,1
V654644,1
V654634,1
V654622,1
V654621,1
V654601,1
V654600,1
V653910,1
V652209,1
V651140,0
V651134,1
V651093,1
V649652,1
V649642,1
V649104,1
V649092,0
V648780,1
V648694,1
V648639,0
V592486,1
V632237,1
V632250,1
V632387,1
V595919,1
V648057,1
V647988,1
V647775,0
V639851,1
V647645,1
V644382,1
V647522,1
V647511,0
V647486,0
V647434,1
V647340,1
V647331,1
V647329,1
V647312,1
V647306,1
V646615,1
V647167,1
V646777,0
V646776,1
V646773,1
V646772,1
V646771,1
V646770,1
V646769,1
V646767,1
V646758,1
V646744,1
V646712,1
V646604,1
V646555,1
V644760,1
V644628,1
V644619,1
V644596,1
V644520,1
V644515,1
V644481,0
V644470,1
V644415,1
V644409,1
V644312,1
V644308,1
V644303,1
V644300,1
V644295,1
V644234,1
V644222,1
V644210,0
V644171,1
V644155,1
V644146,1
V644142,1
V643997,1
V644009,1
V643976,1
V643870,1
V643058,1
V642419,1
V642410,1
V640606,1
V640606,1
V641868,1
V641851,1
V641839,1
V641805,1
V641692,1
V641632,1
V641607,1
V641570,1
V641544,0
V640594,1
V640442,1
V640293,1
V640286,1
V640272,1
V632306,1
V624735,1
V616537,1
V616007,1
V625686,1
V623736,1
V623811,1
V639861,1
V639805,1
V639670,0
V639407,1
V639396,1
V639047,1
V639288,1
V639146,1
V639028,1
V639031,1
V638964,1
V638845,1
V638838,1
V638757,1
V638189,1
V637885,1
V638182,1
V637627,1
V637621,1
V636963,1
V637160,1
V637015,1
V637004,1
V636788,0
V636770,1
V636765,1
V569928,1
V623142,1
V623052,1
V623030,1
V636117,1
V569948,1
V557021,1
V622476,1
V624624,1
V635804,1
V635792,1
V635788,1
V635753,1
V635607,0
V625763,1
V625748,1
V635258,1
V635086,0
V635049,1
V622404,1
V634988,1
V634649,1
V634918,1
V634798,1
V634796,1
V634737,0
V634728,1
V634726,1
V634662,0
V634642,0
V632026,1
V634622,1
V634340,1
V634341,0
V634317,1
V634093,1
V634085,1
V633991,1
V634026,1
V633966,1
V633943,1
V633840,1
V633837,1
V633833,1
V633806,1
V633796,0
V633760,1
V633597,1
V633739,1
V633711,1
V633585,1
V633584,1
V633581,1
V633318,1
V633144,1
V632892,1
V632891,1
V632871,0
V632859,1
V632703,1
V632681,1
V632385,1
V632388,1
V632381,1
V632376,1
V632377,1
V632374,1
V632350,1
V632322,0
V632286,1
V632258,1
V632222,1
V632112,1
V632100,1
V632043,1
V631866,1
V631864,1
V631857,1
V631507,1
V631199,1
V614768,1
V631175,1
V631097,1
V631041,1
V630769,1
V630114,1
V630104,1
V630030,0
V629144,1
V628530,1
V627294,1
V627204,1
V627209,1
V626803,1
V626795,1
V626761,1
V626756,0
V626712,1
V626706,1
V626702,1
V626561,1
V626519,1
V626482,1
V625901,1
V625890,1
V625888,1
V625885,1
V625884,1
V625882,1
V625877,1
V625858,1
V625854,0
V625836,1
V625732,1
V625745,1
V625700,1
V625677,1
V625675,1
V625589,1
V625556,1
V625526,1
V622980,0
V624786,0
V624686,1
V624738,1
V624726,1
V604203,1
V613312,1
V603862,1
V609565,1
V607595,1
V613418,1
V612830,1
V622958,1
V624565,0
V624555,1
V624538,1
V624524,1
V624283,1
V624158,1
V623846,1
V623724,1
V623227,0
V623215,1
V623140,1
V623126,0
V623087,1
V623020,1
V623014,0
V623011,1
V622968,1
V622956,0
V622942,0
V622822,1
V622784,1
V609493,1
V616448,1
V602719,1
V603856,1
V603317,1
V612743,1
V622511,1
V612912,1
V357939,1
V341874,1
V622465,1
V600651,1
V622434,1
V622431,1
V622429,1
V622427,1
V622379,0
V622350,1
V622296,1
V620938,1
V620900,1
V620853,0
V620693,1
V620670,1
V620396,1
V620387,1
V620246,1
V620236,0
V620221,1
V619476,1
V619959,1
V619956,0
V619851,1
V619857,1
V619679,1
V619540,1
V619543,1
V619534,1
V619518,1
V619441,1
V619384,1
V619193,1
V619053,1
V618802,1
V618873,1
V618860,1
V618856,1
V618850,1
V618849,1
V618844,1
V618831,0
V618799,1
V618795,1
V618791,1
V618731,1
V618725,1
V618321,1
V618185,1
V618160,1
V618155,1
V618138,1
V618068,0
V617967,1
V617939,1
V617829,1
V617810,1
V617807,1
V617802,1
V617670,1
V617668,1
V617650,1
V617648,1
V617646,1
V617640,1
V617639,1
V603372,1
V602759,1
V613787,1
V604293,1
V607153,1
V602518,1
V603569,1
V603564,1
V601300,1
V596381,1
V571452,1
V603486,1
V602207,1
V602071,0
V602084,0
V602528,1
V617352,1
V617318,1
V617203,1
V617191,1
V617183,1
V616817,1
V616585,1
V616575,1
V616556,1
V616547,1
V616507,1
V616472,1
V616453,0
V616245,1
V616230,0
V616055,1
V616043,1
V615907,1
V615701,0
V615675,1
V615649,1
V615637,1
V615629,1
V615564,1
V615572,0
V615530,1
V615542,1
V615507,1
V615502,1
V615474,1
V615473,1
V615461,1
V615464,1
V615453,1
V615448,1
V615442,1
V615080,1
V615022,1
V614829,1
V614819,1
V614758,0
V614685,1
V614678,0
V614667,1
V614656,1
V614626,0
V614633,1
V614623,1
V613132,1
V614508,1
V614451,1
V614429,1
V614414,1
V614404,1
V614400,1
V614000,1
V614219,1
V614216,1
V613992,1
V613932,0
V613926,1
V613916,1
V613876,1
V613868,1
V613777,1
V613768,1
V613752,1
V613748,1
V613739,1
V613734,1
V613727,1
V613716,1
V613723,1
V613691,1
V613700,1
V613695,1
V613696,1
V613682,1
V613671,1
V613635,1
V613634,1
V613632,1
V613631,0
V613564,1
V613561,1
V613559,1
V613425,1
V613415,1
V613398,0
V613392,0
V613379,1
V613378,1
V613377,1
V613374,1
V613369,0
V613315,1
V613306,1
V613302,1
V613268,1
V613145,1
V613142,1
V613136,1
V613115,1
V613078,1
V613077,1
V613064,1
V613051,1
V613015,1
V612964,1
V612750,1
V612958,1
V612950,1
V612921,0
V612888,1
V612884,1
V612879,1
V612869,1
V612852,1
V612841,0
V612812,1
V612747,1
V612741,1
V598637,1
V578184,1
V602510,1
V595633,1
V612376,1
V612374,1
V578643,1
V578475,1
V611691,0
V611639,1
V611603,1
V611361,1
V611309,1
V611306,1
V611303,1
V611198,1
V603316,1
V603989,1
V611017,1
V596801,1
V599286,1
V594371,1
V600679,0
V600670,1
V610991,1
V610968,1
V610946,1
V610922,1
V610905,1
V610908,1
V600515,1
V610860,1
V610852,1
V610829,1
V604200,1
V610808,1
V610792,1
V610631,1
V610630,0
V610594,1
V610475,1
V610227,1
V610173,1
V610136,1
V610128,0
V610126,1
V610091,0
V610088,1
V610081,1
V610061,0
V610054,1
V610046,1
V610043,1
V610031,1
V610012,1
V609916,1
V609900,1
V609898,1
V609856,0
V609824,0
V609810,1
V609793,1
V609593,1
V609789,1
V609776,1
V609772,1
V609596,1
V609588,1
V609560,1
V609538,1
V609515,1
V609504,1
V609491,1
V609485,1
V609363,1
V609362,1
V609273,1
V609189,1
V609137,1
V609118,1
V609101,1
V607511,0
V609094,1
V609080,1
V609090,1
V609086,1
V609062,1
V608989,0
V608957,1
V608942,1
V608933,0
V608932,1
V608931,1
V608930,1
V608929,1
V608928,1
V608906,1
V608872,1
V608871,1
V608784,1
V608767,1
V608749,1
V606906,1
V607604,0
V607597,1
V587357,1
V598008,1
V590613,1
V595174,1
V566244,1
V556755,1
V599521,1
V548572,0
V607488,1
V607310,1
V607226,1
V607225,1
V607162,1
V606999,1
V604629,1
V604618,1
V604608,1
V603841,1
V583864,1
V604539,1
V604538,1
V575023,1
V586255,1
V597101,0
V599048,1
V598520,1
V487587,1
V583853,1
V599042,1
V582737,0
V485604,1
V599708,1
V594366,1
V604461,1
V604382,1
V604324,1
V604214,1
V604192,1
V604193,1
V604187,1
V604181,1
V604143,1
V604136,1
V604125,1
V604119,0
V604114,1
V604109,1
V604107,1
V604098,1
V604090,1
V604079,1
V604077,1
V604070,1
V604053,1
V604051,1
V604045,1
V604043,1
V604028,1
V604007,1
V603843,1
V603850,1
V603830,1
V603819,1
V603733,1
V603712,0
V603701,1
V603694,1
V603680,1
V603590,1
V603572,1
V603381,1
V603377,1
V603369,1
V603363,1
V603355,1
V603348,1
V603302,1
V603301,1
V603296,1
V603263,1
V603255,1
V603244,1
V603225,1
V603223,1
V603214,1
V603208,1
V603201,1
V603196,0
V580041,1
V602984,1
V602969,1
V602866,0
V602850,1
V602839,1
V602766,1
V602764,1
V602623,1
V602756,1
V602692,1
V602717,1
V602668,1
V602647,1
V602607,1
V602593,1
V602553,1
V602572,1
V602556,1
V602555,1
V602551,1
V602547,1
V602537,1
V602506,1
V602507,1
V602504,1
V602503,1
V602500,1
V602217,1
V602212,1
V602199,1
V602197,1
V602196,1
V602159,1
V602102,1
V602039,1
V597294,1
V597237,1
V601902,1
V601896,1
V601845,1
V601837,1
V601722,1
V601710,1
V601701,1
V601569,1
V601561,1
V601559,1
V601551,1
V601538,1
V595459,1
V581960,1
V568856,1
V568421,1
V596606,1
V597799,1
V586833,1
V597253,1
V557404,1
V580780,1
V578315,1
V549275,1
V601417,1
V601411,1
V601406,1
V601355,1
V585639,0
V581363,1
V579512,1
V594523,1
V583808,1
V601345,1
V601336,1
V601326,1
V595671,1
V595668,1
V595658,1
V583830,1
V601318,1
V567284,1
V600126,1
V591726,1
V587326,1
V593778,1
V593672,1
V585727,1
V593676,1
V600740,1
V567793,1
V590645,1
V589007,1
V593416,0
V588953,1
V592401,1
V588475,1
V593817,1
V593313,1
V552438,1
V586579,1
V600664,1
V600577,1
V600564,0
V600524,1
V600367,1
V600327,1
V600337,1
V600320,1
V600144,1
V600115,1
V600109,1
V600102,1
V600068,1
V600078,1
V600025,1
V600004,1
V599971,1
V599882,1
V599772,0
V599743,0
V599571,1
V599573,1
V599552,1
V599554,0
V599542,1
V591989,1
V599525,1
V599518,1
V599470,0
V599469,1
V599467,1
V599454,1
V599446,1
V599433,1
V599414,1
V599418,1
V598169,1
V599413,1
V599412,1
V599303,1
V599279,1
V599280,1
V599275,0
V599266,1
V599264,1
V599262,1
V599034,1
V598963,1
V598836,1
V598572,1
V598554,1
V598505,1
V598148,1
V598020,1
V597961,1
V597406,1
V597259,1
V597257,1
V597246,1
V597111,0
V597054,1
V597039,1
V597034,0
V597027,1
V597023,0
V597019,1
V596913,1
V596873,1
V596824,1
V596454,1
V596421,1
V596202,1
V596199,1
V596179,1
V595907,0
V595852,0
V595479,1
V595169,1
V594921,1
V594920,1
V594919,1
V594917,1
V594819,1
V594569,1
V590118,1
V580830,0
V586839,1
V586835,1
V587340,1
V588997,1
V587356,1
V585071,1
V585053,0
V585167,1
V585215,1
V565963,1
V552455,1
V582855,1
V582833,0
V557156,1
V582990,1
V589010,1
V571515,1
V588039,1
V556278,1
V594376,1
V594375,1
V594374,1
V594369,1
V594364,1
V594362,1
V594360,1
V593718,1
V594355,1
V593865,1
V593858,1
V593745,1
V593720,1
V593445,1
V593437,1
V593410,1
V593340,1
V588480,1
V592417,1
V593325,1
V593323,1
V593322,1
V593315,1
V593300,1
V593285,1
V593267,1
V593242,1
V593148,0
V592929,1
V593124,1
V593116,1
V593085,1
V592928,1
V592927,1
V592912,1
V592908,1
V592895,1
V592572,1
V592393,0
V592169,1
V591937,1
V591926,1
V591730,1
V591724,1
V591682,1
V591677,0
V591653,1
V591637,1
V591599,1
V591514,0
V591476,1
V591461,1
V591466,1
V591456,1
V591438,1
V591424,1
V591402,1
V591370,0
V591354,1
V591350,1
V591323,1
V591348,1
V591341,0
V591321,1
V591313,1
V591299,1
V578307,0
V577502,1
V567801,0
V577514,0
V590678,1
V590631,1
V590428,1
V572197,1
V585117,0
V585108,0
V579927,1
V580802,1
V578662,1
V575235,1
V590075,1
V590067,1
V575137,1
V582500,1
V582495,1
V555840,1
V589957,1
V589949,1
V566044,1
V589882,1
V589768,0
V589526,0
V551974,1
V589484,1
V589426,1
V589404,1
V589398,1
V589379,1
V589372,1
V589365,1
V589322,1
V589014,1
V588875,1
V588869,1
V588806,1
V588766,1
V588744,1
V588720,1
V588504,1
V588473,1
V588354,1
V588228,1
V588097,1
V587621,1
V587587,0
V587366,1
V587182,1
V587178,1
V587172,1
V587161,1
V587112,1
V586633,1
V586597,1
V586590,1
V586584,1
V586582,1
V586564,1
V586481,1
V586472,1
V586468,0
V586455,1
V586410,1
V586372,1
V586302,1
V586108,1
V586086,1
V586070,1
V586055,1
V585766,1
V585743,1
V585735,1
V585690,1
V585618,1
V585591,1
V580014,1
V585496,1
V570259,1
V576388,1
V569336,1
V579380,1
V546248,1
V579634,0
V561650,1
V585323,1
V585316,1
V530696,1
V566900,1
V578393,1
V549286,1
V569250,1
V569259,1
V585220,1
V561544,1
V569996,1
V566268,1
V537595,1
V551572,1
V570228,1
V548025,1
V552186,1
V573650,1
V546536,1
V571418,1
V571489,1
V578390,0
V483162,0
V517580,0
V470235,0
V491975,1
V488652,1
V488679,0
V571291,1
V584883,0
V584038,1
V584018,0
V583911,1
V583842,1
V583506,0
V583424,1
V583420,1
V583132,1
V583119,1
V582882,1
V582875,1
V582839,1
V582691,1
V582488,1
V582459,1
V582456,1
V582294,1
V582114,0
V581967,1
V581738,1
V581715,1
V581701,0
V581591,1
V581579,1
V581573,1
V581392,1
V581360,1
V581322,1
V581046,1
V580810,1
V580783,1
V580634,1
V561630,1
V545737,1
V545734,1
V545708,1
V550293,1
V549506,1
V569346,1
V571058,1
V568702,1
V566252,1
V569793,1
V552659,1
V557076,1
V551152,1
V580506,1
V580486,1
V580454,1
V580354,1
V580332,1
V580315,1
V580091,1
V580097,1
V580094,1
V580087,1
V580058,0
V579996,1
V579924,1
V579919,1
V579674,1
V579654,1
V579615,1
V579610,1
V579605,1
V579280,0
V579209,1
V579181,1
V578838,1
V578793,1
V578792,1
V578734,1
V578571,1
V578452,1
V578281,1
V578223,1
V578213,1
V578186,1
V578143,1
V570265,1
V568991,0
V568878,1
V566760,1
V569365,1
V546396,1
V519404,1
V577248,1
V577011,1
V576329,1
V575178,1
V575165,1
V575129,0
V256318,1
V573698,1
V573658,1
V573436,1
V573386,1
V573251,1
V573142,0
V573132,1
V573098,1
V573050,1
V572857,1
V572850,0
V572669,0
V572477,1
V572474,1
V572283,1
V572260,1
V572206,1
V572182,1
V572128,1
V572064,1
V572048,1
V572019,1
V572009,1
V571726,1
V571493,1
V548556,1
V571368,1
V571321,1
V571277,1
V571214,1
V546087,1
V565832,0
V556936,1
V561128,1
V565907,1
V571041,1
V552656,1
V552647,1
V552645,1
V570840,1
V492306,1
V570805,1
V570680,1
V570321,1
V569989,1
V567401,1
V569704,1
V568443,0
V569579,0
V569555,1
V569563,1
V569389,1
V569388,0
V569376,0
V559914,0
V559905,1
V563909,1
V563953,1
V565917,1
V568904,1
V568870,1
V568864,1
V568852,1
V568668,1
V568475,1
V568472,1
V568470,1
V568468,1
V568415,1
V568263,1
V568252,1
V568244,1
V568094,1
V549607,1
V549154,1
V484676,1
V508802,1
V567953,1
V556537,1
V567912,0
V567854,1
V567494,1
V567476,1
V567440,1
V567424,1
V567314,1
V567278,1
V567259,1
V567261,1
V567235,1
V567175,1
V566935,1
V566909,1
V566902,1
V566895,1
V566766,1
V566763,1
V566744,1
V566742,1
V566645,1
V566576,1
V566498,0
V566484,1
V566459,1
V566433,1
V566284,1
V566277,1
V566054,1
V566053,1
V566049,1
V566048,0
V565959,1
V565954,0
V565916,1
V565840,1
V565836,1
V565834,1
V565795,0
V565716,0
V524911,1
V565654,1
V565656,1
V565651,1
V565646,1
V565580,1
V565578,1
V565533,1
V565409,1
V565405,1
V565380,1
V565282,1
V565251,1
V564995,1
V564981,1
V564944,1
V564935,1
V564720,1
V564425,1
V564240,1
V564416,1
V564406,1
V564403,0
V564400,1
V564396,1
V564392,1
V564387,1
V564381,1
V564373,1
V564261,0
V564222,1
V564205,1
V564052,1
V564082,1
V564073,1
V563683,1
V563621,1
V563617,1
V563544,0
V563508,1
V563501,1
V563338,1
V563336,1
V563334,1
V563330,1
V563328,1
V563319,1
V563309,1
V563173,1
V562060,1
V562031,1
V561876,0
V561660,1
V561657,1
V561655,1
V561651,1
V561638,1
V561634,1
V561557,0
V561555,1
V561554,1
V561553,1
V561550,1
V561542,1
V561533,1
V561520,0
V525755,1
V561272,1
V561217,1
V561135,1
V561108,1
V559910,1
V559902,0
V559888,1
V558664,1
V557564,1
V557486,1
V557154,1
V557139,1
V557126,1
V556848,1
V504701,0
V557024,1
V552871,1
V556891,0
V556890,1
V556873,1
V556859,0
V556852,0
V556827,1
V556821,1
V556745,1
V556529,1
V556437,1
V556436,0
V556302,1
V556297,1
V556293,1
V556260,1
V556248,1
V556201,1
V556202,1
V556200,1
V555843,1
V555751,1
V555748,1
V555741,0
V555722,1
V554614,1
V553335,1
V553334,1
V553333,1
V553306,1
V553332,1
V553315,0
V553302,1
V550464,1
V504539,1
V549512,1
V553257,1
V552945,1
V552944,1
V552940,1
V552923,1
V552916,1
V552890,1
V552790,1
V552643,1
V552642,1
V552639,1
V552638,1
V552635,1
V552624,1
V552462,0
V552452,1
V552451,1
V518951,1
V552193,1
V552182,1
V552151,1
V552167,1
V552152,1
V552147,1
V552058,1
V552057,1
V552004,1
V551991,1
V551696,1
V551683,1
V551666,1
V551532,0
V550776,0
V551135,1
V551136,1
V551128,0
V551115,1
V551106,1
V550817,1
V550815,1
V550778,1
V550671,0
V550469,1
V550401,1
V550387,1
V550281,1
V550268,1
V550254,1
V550246,1
V549918,1
V549905,1
V549898,1
V549885,1
V549775,1
V549771,1
V549770,1
V549628,1
V549600,1
V522582,1
V542423,1
V549455,1
V549285,1
V549284,1
V549282,1
V549278,1
V549274,1
V549272,1
V549265,1
V548898,1
V548871,1
V548573,1
V548570,1
V494644,1
V548284,1
V522344,1
V494345,1
V494359,1
V548160,1
V548149,1
V548150,1
V548144,1
V548129,1
V548121,1
V548024,0
V548016,1
V547810,1
V546532,1
V546420,1
V546419,0
V546398,1
V546265,1
V546256,0
V546116,0
V546099,1
V546007,1
V545859,1
V545848,1
V545841,1
V494368,1
V519642,1
V498639,1
V494364,1
V498633,1
V523826,1
V495676,1
V545756,1
V545726,0
V545730,1
V479317,1
V545704,1
V545567,0
V545548,1
V545529,1
V545055,1
V545020,1
V544901,1
V544758,1
V544699,0
V544510,1
V543001,1
V485042,1
V484943,1
V484211,1
V542422,1
V542419,1
V542416,1
V542415,0
V542414,1
V542412,1
V542406,1
V542386,1
V541958,1
V541923,1
V541947,1
V541940,1
V541937,1
V541935,1
V541889,1
V541601,1
V541594,1
V541179,1
V541043,1
V541039,1
V540940,1
V540940,1
V540928,1
V540917,1
V540911,1
V540908,1
V540910,1
V540901,1
V540898,1
V540884,1
V540880,1
V540796,1
V540789,1
V540784,1
V540779,1
V540767,1
V540758,1
V540686,1
V540305,1
V540251,1
V539938,1
V539915,1
V539634,0
V538489,1
V498364,1
V538279,1
V538280,1
V538233,1
V538138,1
V537853,1
V537801,1
V537680,1
V537678,1
V537482,1
V537475,1
V537469,1
V537467,1
V537432,1
V537436,1
V484881,1
V537081,1
V536727,1
V537066,0
V536876,0
V536872,1
V536868,1
V536864,0
V536627,0
V536458,1
V536457,1
V536455,1
V536445,1
V530730,1
V530635,1
V530312,1
V530519,1
V530498,1
V530242,1
V530235,1
V530230,0
V530224,1
V529155,1
V529145,1
V529141,1
V529138,1
V529005,1
V529002,0
V508489,1
V497514,1
V528902,1
V528895,0
V528891,1
V528880,1
V528870,1
V528718,1
V528693,1
V528603,0
V528602,1
V528601,1
V528076,0
V528590,1
V528403,0
V528458,1
V528374,1
V528368,1
V528366,1
V528306,0
V528290,1
V502376,1
V495484,1
V493148,1
V498471,1
V528047,0
V524857,0
V527927,1
V527907,1
V524722,1
V526815,1
V525573,1
V525747,1
V525563,1
V525552,1
V525337,1
V525311,1
V525215,1
V525212,1
V525213,0
V525200,1
V525195,1
V525196,1
V524896,1
V524693,1
V493366,1
V523444,1
V518923,1
V523978,1
V523783,1
V487747,1
V473110,1
V487487,1
V523448,1
V523453,1
V523446,1
V523294,1
V523269,1
V522804,1
V522723,0
V499847,1
V499839,1
V444255,1
V483924,1
V483918,1
V522446,1
V522444,1
V522338,1
V522205,1
V522197,1
V522191,1
V522179,0
V522024,1
V522008,1
V522001,1
V521997,1
V521927,1
V521829,1
V521810,1
V521805,1
V521761,1
V521756,0
V521749,1
V521738,1
V521731,0
V521551,1
V521548,1
V521546,1
V521535,1
V521523,1
V520208,1
V520204,1
V520066,1
V519793,1
V519405,1
V519177,1
V519176,1
V519175,1
V518068,1
V518952,1
V518718,1
V518317,1
V518290,1
V518291,1
V518288,1
V518285,1
V518276,1
V518248,1
V518254,1
V518074,1
V518073,1
V518024,1
V517999,1
V517867,1
V516922,1
V517595,1
V517592,1
V517577,1
V440336,1
V516996,1
V516977,1
V516943,1
V516932,1
V516937,1
V516918,1
V516796,1
V516372,1
V516371,1
V516370,1
V516366,1
V516360,0
V516099,1
V516066,1
V516061,1
V516046,1
V515844,1
V515815,1
V515603,1
V515809,1
V510809,1
V515631,1
V515626,1
V515601,0
V515595,1
V515590,1
V515008,1
V515005,1
V514998,1
V514993,1
V514950,1
V514925,1
V513785,1
V511853,1
V513771,1
V513749,1
V513741,1
V513724,1
V513560,1
V513550,1
V513544,1
V512268,1
V512267,1
V511862,1
V511845,1
V511844,1
V511829,1
V511803,1
V511792,1
V511786,1
V511776,1
V510857,1
V498515,1
V510723,1
V509476,1
V509473,1
V509297,1
V509446,1
V509438,0
V509436,1
V509284,0
V509133,1
V508974,1
V508957,1
V508699,1
V508675,1
V508674,1
V507139,1
V508477,1
V508474,1
V508468,1
V508464,1
V508424,1
V507126,1
V498492,1
V505702,1
V505689,1
V505686,0
V505684,1
V505625,1
V504378,1
V505490,1
V505481,1
V505474,1
V505461,1
V505446,1
V505426,1
V504781,1
V504769,1
V504760,1
V504542,1
V504537,1
V504536,1
V504532,1
V504529,1
V501180,1
V504496,1
V504494,1
V504489,1
V504485,1
V504382,1
V504381,1
V504380,1
V504379,0
V504329,0
V504316,1
V504304,1
V504296,1
V504293,1
V504282,1
V503898,1
V503896,1
V503361,1
V503342,1
V503330,1
V503204,1
V503201,0
V503198,1
V503197,1
V503189,1
V503166,1
V503167,0
V503163,1
V503152,0
V503144,1
V502808,0
V502807,1
V502561,1
V502558,1
V502553,1
V502550,0
V502546,1
V502372,1
V502369,1
V502363,1
V502360,1
V502359,1
V502357,1
V502356,1
V502354,1
V502351,1
V502204,1
V502198,1
V502197,1
V502194,1
V502177,1
V502149,1
V502143,1
V501709,1
V501701,1
V501698,1
V501696,1
V501689,0
V501684,1
V501516,1
V501385,1
V499590,1
V501368,0
V501355,0
V499789,1
V499816,1
V499619,1
V499600,1
